visit_id,patient_id,doctor_id,visit_date,diagnosis_code,diagnosis_name,notes,treatment_cost,load_date,record_source
VIS-001,PAT-001,DOC-001,2026-01-05,J06.9,急性上気道感染症,発熱38.5度 咳あり,3500,2026-01-05,HOSPITAL_SYSTEM
VIS-002,PAT-002,DOC-002,2026-01-06,J20.9,急性気管支炎,小児 咳と鼻水が続く,4200,2026-01-06,HOSPITAL_SYSTEM
VIS-003,PAT-003,DOC-001,2026-01-07,I10,高血圧症,定期検診 血圧150/95,2800,2026-01-07,HOSPITAL_SYSTEM
VIS-004,PAT-004,DOC-004,2026-01-08,L20.9,アトピー性皮膚炎,両腕の湿疹 かゆみあり,3100,2026-01-08,HOSPITAL_SYSTEM
VIS-005,PAT-005,DOC-003,2026-01-09,S52.5,橈骨遠位端骨折,転倒による右手首骨折,15800,2026-01-09,HOSPITAL_SYSTEM
VIS-006,PAT-006,DOC-006,2026-01-10,H10.1,急性アレルギー性結膜炎,花粉症による目のかゆみ,2500,2026-01-10,HOSPITAL_SYSTEM
VIS-007,PAT-007,DOC-001,2026-01-10,E11.9,2型糖尿病,HbA1c 7.2% 食事指導,3800,2026-01-10,HOSPITAL_SYSTEM
VIS-008,PAT-008,DOC-09,2026-01-12,F32.9,うつ病エピソード,不眠と食欲低下 2週間,4500,2026-01-12,HOSPITAL_SYSTEM
VIS-009,PAT-009,DOC-005,2026-01-13,M54.5,腰痛症,部活動中の腰痛,3200,2026-01-13,HOSPITAL_SYSTEM
VIS-010,PAT-010,DOC-008,2026-01-14,N94.6,月経困難症,生理痛がひどい,3600,2026-01-14,HOSPITAL_SYSTEM
VIS-011,PAT-011,DOC-001,2026-01-15,I25.1,動脈硬化性心疾患,胸の圧迫感 経過観察,5200,2026-01-15,HOSPITAL_SYSTEM
VIS-012,PAT-012,DOC-07,2026-01-16,H66.9,中耳炎,右耳の痛みと聞こえにくさ,3400,2026-01-16,HOSPITAL_SYSTEM
VIS-013,PAT-013,DOC-004,2026-01-17,L70.0,尋常性ざ瘡,顔のニキビ 思春期,2200,2026-01-17,HOSPITAL_SYSTEM
VIS-014,PAT-014,DOC-001,2026-01-18,J45.9,喘息,季節の変わり目に悪化,4100,2026-01-18,HOSPITAL_SYSTEM
VIS-015,PAT-015,DOC-005,2026-01-19,M17.1,変形性膝関節症,右膝の痛み 階段で悪化,4800,2026-01-19,HOSPITAL_SYSTEM
VIS-016,PAT-001,DOC-001,2026-01-22,J06.9,急性上気道感染症,前回の経過観察 改善傾向,2500,2026-01-22,HOSPITAL_SYSTEM
VIS-017,PAT-003,DOC-001,2026-01-25,I10,高血圧症,血圧140/90 薬の効果確認,2800,2026-01-25,HOSPITAL_SYSTEM
VIS-018,PAT-007,DOC-001,2026-01-28,E11.9,2型糖尿病,食事記録の確認 経過良好,3500,2026-01-28,HOSPITAL_SYSTEM
VIS-019,PAT-016,DOC-004,2026-01-20,L23.9,アレルギー性接触皮膚炎,金属アレルギー ネックレス跡,2900,2026-01-20,HOSPITAL_SYSTEM
VIS-020,PAT-017,DOC-03,2026-01-21,K35.9,急性虫垂炎,右下腹部痛 緊急手術要,28500,2026-01-21,HOSPITAL_SYSTEM
VIS-021,PAT-018,DOC-006,2026-01-23,H52.1,近視,視力低下の訴え 眼鏡処方,3000,2026-01-23,HOSPITAL_SYSTEM
VIS-022,PAT-019,DOC-001,2026-01-24,J03.9,急性扁桃炎,のどの痛みと発熱37.8度,3300,2026-01-24,HOSPITAL_SYSTEM
VIS-023,PAT-020,DOC-08,2026-01-26,Z34.0,初回妊婦健診,妊娠8週 経過順調,5500,2026-01-26,HOSPITAL_SYSTEM
VIS-024,PAT-011,DOC-001,2026-01-29,I25.1,動脈硬化性心疾患,心電図検査 安定,4800,2026-01-29,HOSPITAL_SYSTEM
VIS-025,PAT-002,DOC-002,2026-01-30,B34.9,ウイルス感染症,発疹あり 経過観察,3200,2026-01-30,HOSPITAL_SYSTEM
VIS-026,PAT-005,DOC-005,2026-02-01,S52.5,橈骨遠位端骨折,ギプス除去 リハビリ開始,4500,2026-02-01,HOSPITAL_SYSTEM
VIS-027,PAT-008,DOC-009,2026-02-03,F32.9,うつ病エピソード,薬の効果確認 やや改善,4500,2026-02-03,HOSPITAL_SYSTEM
VIS-028,PAT-010,DOC-008,2026-02-05,N94.6,月経困難症,低用量ピル処方 経過観察,3800,2026-02-05,HOSPITAL_SYSTEM
VIS-029,PAT-003,DOC-001,2026-02-07,I10,高血圧症,血圧135/88 改善傾向,2800,2026-02-07,HOSPITAL_SYSTEM
VIS-030,PAT-015,DOC-005,2026-02-08,M17.1,変形性膝関節症,ヒアルロン酸注射,6200,2026-02-08,HOSPITAL_SYSTEM
VIS-031,PAT-007,DOC-001,2026-02-10,E11.9,2型糖尿病,HbA1c 6.8% 改善,3500,2026-02-10,HOSPITAL_SYSTEM
VIS-032,PAT-001,DOC-007,2026-02-11,H66.9,中耳炎,耳の痛み 左耳,3400,2026-02-11,HOSPITAL_SYSTEM
VIS-033,PAT-014,DOC-001,2026-02-12,J45.9,喘息,吸入薬の使い方確認,3800,2026-02-12,HOSPITAL_SYSTEM
VIS-034,PAT-009,DOC-005,2026-02-13,M54.5,腰痛症,リハビリ経過 改善傾向,3200,2026-02-13,HOSPITAL_SYSTEM
VIS-035,PAT-020,DOC-008,2026-02-14,Z34.9,妊婦健診,妊娠11週 経過順調,5500,2026-02-14,HOSPITAL_SYSTEM
VIS-036,PAT-016,DOC-004,2026-02-15,L23.9,アレルギー性接触皮膚炎,経過観察 軽快傾向,2500,2026-02-15,HOSPITAL_SYSTEM
VIS-037,PAT-004,DOC-004,2026-02-16,L20.9,アトピー性皮膚炎,保湿剤変更 経過観察,3100,2026-02-16,HOSPITAL_SYSTEM
VIS-038,PAT-011,DOC-001,2026-02-17,I25.1,動脈硬化性心疾患,運動負荷テスト実施,7500,2026-02-17,HOSPITAL_SYSTEM
VIS-039,PAT-006,DOC-006,2026-02-18,H10.1,急性アレルギー性結膜炎,点眼薬変更,2500,2026-02-18,HOSPITAL_SYSTEM
VIS-040,PAT-012,DOC-007,2026-02-19,H66.9,中耳炎,経過観察 改善,3000,2026-02-19,HOSPITAL_SYSTEM
