traveler_id,name,email,country
T001,Yuki Tanaka,yuki@example.com,Japan
T002,John Smith,john@example.com,USA
T003,Marie Dupont,marie@example.com,France
T004,Hans Mueller,hans@example.com,Germany
T005,Li Wei,liwei@example.com,China
T006,Sofia Garcia,sofia@example.com,Spain
T007,Kenji Sato,kenji@example.com,Japan
T008,Emma Wilson,emma@example.com,UK
T009,Marco Rossi,marco@example.com,Italy
T010,Priya Sharma,priya@example.com,India
T011,Carlos Lopez,carlos@example.com,Mexico
T012,Anna Petrov,anna@example.com,Russia
T013,Hana Kim,hana@example.com,Korea
T014,Ahmed Hassan,ahmed@example.com,Egypt
T015,Olivia Brown,olivia@example.com,Australia
T016,Takeshi Yamada,takeshi@example.com,Japan
T017,Sarah Johnson,sarah@example.com,USA
T018,Pierre Martin,pierre@example.com,France
T019,Chen Mei,chenmei@example.com,China
T020,David Lee,david@example.com,Canada
